"STATION","NAME","LATITUDE","LONGITUDE","ELEVATION","DATE","CDSD","CLDD","DP01","DP10","DSND","DSNW","DT00","DT32","DX32","DX70","DX90","EMNT","EMSD","EMSN","EMXP","EMXT","FZF0","FZF1","FZF2","FZF3","FZF4","FZF5","FZF6","FZF7","FZF8","FZF9","HDSD","HTDD","PRCP","SNOW","TAVG","TMAX","TMIN"
"USC00390043","ACADEMY 2 NE, SD US","43.48944","-99.06289","512.4","1900",,,"        73","        41","        3","         2","        20","       153","        36","       165","        55","-26.7","279","279.0","61.5","39.4","-2.2","-2.2","-5.0","-11.1","-11.1","0.0","-4.4","-4.4","-6.7","-9.4",,,"568.0","402.0","10.0","17.4","2.6"
"USC00390043","ACADEMY 2 NE, SD US","43.48944","-99.06289","512.4","1901","596.6","596.6","        94","        56","       18","         5","        20","       155","        41","       151","        45","-30.0","203","152.0","50.0","43.3","0.0","-2.8","-6.7","-6.7","-11.1","0.0","-3.3","-5.6","-7.2","-13.9","3488.5","3488.5","707.5","424.0","9.5","16.4","2.6"
"USC00390043","ACADEMY 2 NE, SD US","43.48944","-99.06289","512.4","1902","323.3","323.3","        82","        54","       62","        17","        28","       157","        54","       142","        24","-28.9","508","114.0","38.4","41.1","-2.2","-2.2","-7.8","-7.8","-10.6","0.0","-2.2","-6.1","-9.4","-9.4","3859.1","3859.1","556.3","1184.0","8.1","14.9","1.4"
"USC00390043","ACADEMY 2 NE, SD US","43.48944","-99.06289","512.4","1903","338.3","338.3","        82","        47","       95","        10","        24","       156","        57","       141","        16","-30.0","457","127.0","34.8","38.3","-2.8","-2.8","-8.3","-8.3","-8.9","-6.7","-6.7","-6.7","-6.7","-8.9","4080.5","4080.5","519.3","646.0","7.9","14.5","1.3"
"USC00390043","ACADEMY 2 NE, SD US","43.48944","-99.06289","512.4","1904","348.3","348.3","        74","        35","       53","         6","        30","       156","        47","       149","        27","-31.1","229","152.0","38.4","40.6","-0.6","-2.8","-6.1","-12.8","-12.8","-0.6","-2.8","-11.7","-11.7","-11.7","4207.4","4207.4","422.0","662.0","8.4","15.5","1.2"
"USC00390043","ACADEMY 2 NE, SD US","43.48944","-99.06289","512.4","1905","379.4","379.4","       100","        61","       48","         9","        29","       149","        55","       136","        26","-37.8","203","152.0","38.4","38.3","-1.7","-3.9","-7.8","-7.8","-13.3","-1.7","-2.8","-5.0","-6.7","-10.0","3839.3","3839.3","630.2","640.0","8.2","14.8","1.7"
"USC00390043","ACADEMY 2 NE, SD US","43.48944","-99.06289","512.4","1906","382.7","382.7","        87","        61","       58","        10","        21","       152","        60","       139","        29","-27.2","584","102.0","71.1","38.3","-1.7","-6.1","-6.1","-9.4","-9.4","-1.1","-2.8","-5.0","-17.8","-17.8","3827.8","3827.8","853.1","1210.0","8.4","14.8","2.0"
"USC00390043","ACADEMY 2 NE, SD US","43.48944","-99.06289","512.4","1907",,,,,"       50","        13",,,,,,,"254","152.0",,,,,,,,,,,,,,,,"919.0",,,
"USC00390043","ACADEMY 2 NE, SD US","43.48944","-99.06289","512.4","1908",,,"        83","        56","       56","        10","        12","       163",,,,"-25.6","203","203.0","49.8",,"-1.7","-5.0","-5.0","-10.0","-10.0","-0.6","-5.6","-5.6","-12.2","-12.2",,,"661.6","872.0",,,"2.5"
"USC00390043","ACADEMY 2 NE, SD US","43.48944","-99.06289","512.4","1909","533.7","533.7","        82","        53","       92","        20","        32","       168","        68","       145","        44","-31.7","406","203.0","52.1","40.0","-2.2","-2.2","-5.6","-10.0","-10.0","-0.6","-5.6","-5.6","-7.2","-9.4","4074.0","4074.0","543.2","1286.0","7.9","14.4","1.4"
"USC00390043","ACADEMY 2 NE, SD US","43.48944","-99.06289","512.4","1910","489.9","489.9","        60","        38","       86","        11","        21","       145","        53","       172","        49","-28.3","686","203.0","38.1","39.4","-0.6","-6.7","-6.7","-6.7","-12.2","0.0","-2.8","-5.0","-13.9","-13.9","3923.4","3923.4","423.8","874.0","9.3","16.4","2.2"
"USC00390043","ACADEMY 2 NE, SD US","43.48944","-99.06289","512.4","1911","514.5","514.5","        81","        46","       67","        12","        21","       164","        49","       145","        41","-31.7","178","305.0","63.5","38.9","-1.7","-2.2","-6.1","-14.4","-14.4","-3.3","-3.3","-6.1","-6.7","-8.9","3732.6","3732.6","598.9","978.0","8.8","15.4","2.2"
"USC00390043","ACADEMY 2 NE, SD US","43.48944","-99.06289","512.4","1912","402.7","402.7","        71","        45","       58","         7","        30","       163","        56","       143","        28","-38.3","127","102.0","54.1","38.9","0.0","-2.8","-7.2","-7.2","-9.4","-0.6","-4.4","-4.4","-16.7","-16.7","4438.1","4438.1","525.1","419.0","8.2","15.0","1.4"
"USC00390043","ACADEMY 2 NE, SD US","43.48944","-99.06289","512.4","1913","628.2","628.2","        89","        47","       39","         7","        30","       150","        44","       150","        52","-28.3","152","178.0","49.5","38.9","0.0","-3.9","-5.0","-10.6","-10.6","-1.1","-3.3","-5.0","-18.9","-18.9","3914.8","3914.8","503.6","677.0","9.4","16.3","2.5"
"USC00390043","ACADEMY 2 NE, SD US","43.48944","-99.06289","512.4","1914","547.4","547.4","        97","        53","       59","        14","        30","       146","        56","       162","        38","-32.2","178","152.0","57.2","40.0","-1.1","-2.8","-5.0","-7.2","-9.4","-1.7","-2.2","-8.3","-8.3","-9.4","3690.6","3690.6","657.2","776.0","9.2","15.9","2.6"
"USC00390043","ACADEMY 2 NE, SD US","43.48944","-99.06289","512.4","1915","196.5","196.5","       106","        63","      109","        15","        11","       146","        71","       140","         1","-28.3","737","127.0","36.3","34.4","-3.9","-3.9","-5.0","-8.3","-9.4","-2.2","-2.2","-5.0","-10.0","-10.0","4069.3","4069.3","737.1","1325.0","7.9","13.4","2.4"
"USC00390043","ACADEMY 2 NE, SD US","43.48944","-99.06289","512.4","1916","548.4","548.4","        82","        44","       70","        14","        49","       158","        67","       144","        43","-35.6","152","102.0","45.7","38.3","-0.6","-3.3","-10.6","-10.6","-10.6","0.0","-5.0","-5.0","-6.7","-10.0","4050.0","4050.0","485.8","702.0","7.8","14.4","1.2"
"USC00390043","ACADEMY 2 NE, SD US","43.48944","-99.06289","512.4","1917","363.7","363.7","        82","        57","       67","        20","        39","       164","        62","       127","        24","-35.0","330","152.0","40.4","41.1","-9.4","-9.4","-9.4","-9.4","-9.4","0.0","-2.2","-4.4","-7.2","-13.9","4509.8","4509.8","561.8","1118.0","7.0","13.3","0.6"
"USC00390043","ACADEMY 2 NE, SD US","43.48944","-99.06289","512.4","1918","444.2","444.2","        78","        52","       64","        17","        28","       156","        52","       149","        33","-33.3","203","152.0","42.7","37.2","-2.2","-2.2","-6.7","-6.7","-8.9","-1.1","-5.0","-5.0","-8.9","-8.9","4111.6","4111.6","571.2","1094.0","8.7","15.2","2.2"
"USC00390043","ACADEMY 2 NE, SD US","43.48944","-99.06289","512.4","1919","573.7","573.7","        79","        54","       98","        22","        28","       161","        62","       138","        34","-31.7","356","229.0","85.1","40.6","-10.6","-10.6","-10.6","-10.6","-10.6","-5.0","-5.0","-5.0","-7.2","-11.7","3838.2","3838.2","594.1","1281.0","8.1","13.8","2.4"
"USC00390043","ACADEMY 2 NE, SD US","43.48944","-99.06289","512.4","1920","411.6","411.6","        75","        47","       42","        10","        21","       161","        52","       140","        30","-31.1","305","279.0","51.3","36.7","-4.4","-4.4","-4.4","-7.2","-9.4","0.0","-2.2","-4.4","-9.4","-9.4","4402.7","4402.7","608.3","913.0","8.3","14.3","2.3"
"USC00390043","ACADEMY 2 NE, SD US","43.48944","-99.06289","512.4","1921","567.9","567.9","        54","        37",,"         6","        13","       168","        35","       166","        49","-28.9",,"102.0","79.0","39.4","0.0","-5.0","-5.0","-12.2","-12.2","-4.4","-4.4","-4.4","-7.2","-9.4","3422.9","3422.9","514.4","382.0","10.4","18.0","2.9"
"USC00390043","ACADEMY 2 NE, SD US","43.48944","-99.06289","512.4","1922","502.5","502.5","        54","        40",,"         8","        43","       165","        54","       168","        45","-33.9",,"203.0","31.8","38.9","-1.1","-2.2","-6.7","-6.7","-9.4","0.0","-2.8","-6.7","-6.7","-15.0","4040.0","4040.0","499.4","902.0","8.6","16.3","1.0"
"USC00390043","ACADEMY 2 NE, SD US","43.48944","-99.06289","512.4","1923","439.4","439.4","        62","        47",,"         7","        19","       177","        30","       157","        29","-29.4",,"102.0","57.7","38.3","-0.6","-3.9","-8.3","-8.3","-8.9","-1.7","-2.8","-5.6","-6.7","-11.7","3850.4","3850.4","528.3","354.0","9.3","17.0","1.7"
"USC00390043","ACADEMY 2 NE, SD US","43.48944","-99.06289","512.4","1924","303.0","303.0","        56","        44",,"        10","        40","       169","        58","       149","        21","-36.7",,"152.0","40.1","38.3","-1.7","-2.2","-6.7","-6.7","-9.4","-0.6","-5.0","-5.0","-7.2","-20.0","3976.4","3976.4","530.7","889.0","7.6","15.0","0.1"
"USC00390043","ACADEMY 2 NE, SD US","43.48944","-99.06289","512.4","1925","501.6","501.6","        49","        32",,"         3","        24","       169","        34","       125","        46","-26.7",,"76.0","50.5","42.2","-1.7","-2.2","-5.6","-8.9","-8.9","-2.2","-2.2","-6.1","-7.2","-10.0","3818.1","3818.1","416.5","178.0","9.1","16.6","1.7"
"USC00390043","ACADEMY 2 NE, SD US","43.48944","-99.06289","512.4","1926","654.1","654.1","        44","        30",,"         3","        13","       172","        28","       181","        66","-26.1",,"74.0","36.1","45.6","-7.2","-7.2","-7.2","-7.2","-10.0","-1.1","-7.2","-7.2","-7.2","-8.9","3585.6","3585.6","411.3","150.0","10.3","18.4","2.2"
"USC00390043","ACADEMY 2 NE, SD US","43.48944","-99.06289","512.4","1927","436.4","436.4","        64","        48",,"         8","        32","       162","        46","       150","        36","-31.1",,"254.0","38.1","38.3","-1.1","-2.2","-5.0","-6.7","-14.4","-1.1","-5.6","-5.6","-10.0","-10.0","3654.6","3654.6","538.2","1105.0","8.7","16.4","1.1"
"USC00390043","ACADEMY 2 NE, SD US","43.48944","-99.06289","512.4","1928","487.7","487.7","        53","        34",,"         4","        11","       172","        22","       161","        49","-31.1",,"229.0","35.6","42.2","-3.3","-3.3","-5.6","-9.4","-9.4","-2.2","-2.2","-7.8","-7.8","-13.3","3895.5","3895.5","369.0","363.0","9.8","17.7","1.9"
"USC00390043","ACADEMY 2 NE, SD US","43.48944","-99.06289","512.4","1929","524.2","524.2","        61","        48",,"         6","        41","       168","        63","       134","        53","-30.6",,"203.0","63.5","43.3","-1.7","-3.9","-5.0","-6.7","-10.0","-2.8","-2.8","-4.4","-7.2","-10.6","4067.5","4067.5","555.5","575.0","7.9","14.9","1.0"
"USC00390043","ACADEMY 2 NE, SD US","43.48944","-99.06289","512.4","1930","608.0","608.0","        49","        37",,"         3","        22","       152","        37","       166","        49","-32.8",,"102.0","56.4","43.3","0.0","-3.3","-4.4","-8.3","-11.1","0.0","-3.9","-5.6","-6.7","-10.0","3936.1","3936.1","527.3","254.0","10.0","17.1","2.9"
"USC00390043","ACADEMY 2 NE, SD US","43.48944","-99.06289","512.4","1931","816.2","816.2","        47","        38",,"         5","         6","       168","        23","       177","        78","-23.3",,"152.0","38.1","43.3","-0.6","-4.4","-4.4","-8.3","-11.1","-4.4","-4.4","-4.4","-7.8","-8.9","3266.0","3266.0","411.5","429.0","11.5","19.5","3.5"
"USC00390043","ACADEMY 2 NE, SD US","43.48944","-99.06289","512.4","1932",,,,,,,,,,,,,,,,,,,,,,,,,,,,,,,,,
"USC00390043","ACADEMY 2 NE, SD US","43.48944","-99.06289","512.4","1933","778.5","778.5","        35","        33","        7","         4","        17","       156","        33","       170","        80","-32.2","76","76.0","56.4","43.9","-3.3","-3.3","-6.7","-6.7","-9.4","-4.4","-4.4","-4.4","-8.3","-11.7","3710.3","3710.3","430.1","256.0","10.9","18.8","3.0"
"USC00390043","ACADEMY 2 NE, SD US","43.48944","-99.06289","512.4","1934","816.6","816.6","        35","        31","       11","         7","        17","       151","        26","       175","        85","-26.7","152","127.0","44.5","46.1","0.0","-3.9","-7.2","-7.2","-9.4","-3.3","-3.3","-4.4","-7.8","-8.9","3170.2","3170.2","303.9","418.0","11.4","19.1","3.6"
"USC00390043","ACADEMY 2 NE, SD US","43.48944","-99.06289","512.4","1935","624.8","624.8","        64","        52",,"         7","        20","       175","        41","       138","        69","-28.9",,"102.0","22.9","44.4","0.0","-4.4","-4.4","-6.7","-8.9","-1.1","-5.6","-5.6","-6.7","-10.0","3594.7","3594.7","491.1","419.0","9.1","16.3","2.0"
"USC00390043","ACADEMY 2 NE, SD US","43.48944","-99.06289","512.4","1936",,,"        52","        39",,"        15",,,,,,,,"127.0","31.8",,,,,,,,,,,,"4648.3","4648.3","327.9","1093.0",,,
"USC00390043","ACADEMY 2 NE, SD US","43.48944","-99.06289","512.4","1937","715.3","715.3","        47","        46",,"        13","        45","       157","        59","       166","        75","-32.2",,"127.0","47.0","44.4","-0.6","-2.2","-12.2","-12.2","-12.2","0.0","-2.2","-6.7","-6.7","-8.9",,,"423.2","658.0","8.3","15.9","0.5"
"USC00390043","ACADEMY 2 NE, SD US","43.48944","-99.06289","512.4","1938",,,"        61","        53",,"        10",,,,,,,,"254.0","57.7",,,,,,,,,,,,"3863.4","3863.4","594.0","709.0",,,
"USC00390043","ACADEMY 2 NE, SD US","43.48944","-99.06289","512.4","1939","635.5","635.5","        45","        35",,"         4","        18","       165","        34","       173","        74","-28.9",,"102.0","56.9","42.2","0.0","-3.3","-6.7","-6.7","-9.4","0.0","-2.2","-12.2","-12.2","-12.2",,,"487.9","267.0","10.6","18.6","2.6"
"USC00390043","ACADEMY 2 NE, SD US","43.48944","-99.06289","512.4","1940","703.3","703.3","        58","        42",,"        10","        37","       170","        74","       173","        69","-33.3",,"178.0","29.7","46.7","0.0","-6.7","-6.7","-6.7","-8.9","-1.7","-7.2","-7.2","-7.2","-10.0","3854.9","3854.9","386.5","626.0","9.0","16.1","1.8"
"USC00390043","ACADEMY 2 NE, SD US","43.48944","-99.06289","512.4","1941","633.8","633.8","        78","        48",,"        11","        14","       156","        52","       155","        62","-24.4",,"102.0","47.2","42.8","-1.1","-3.9","-6.1","-9.4","-9.4","-1.1","-2.2","-4.4","-6.7","-16.7","3672.3","3672.3","603.2","475.0","9.8","16.6","2.9"
"USC00390043","ACADEMY 2 NE, SD US","43.48944","-99.06289","512.4","1942",,,,,,"        10",,,,,,,,"279.0",,,,,,,,,,,,,"3615.7","3615.7",,"928.0",,,
"USC00390043","ACADEMY 2 NE, SD US","43.48944","-99.06289","512.4","1943",,,"        55","        33","       27","        14","        37","       172",,,,"-31.7","127","102.0","34.8",,"-0.6","-3.3","-6.7","-6.7","-8.9","-5.6","-5.6","-5.6","-6.7","-18.9",,,"360.7","678.0",,,"0.7"
"USC00390043","ACADEMY 2 NE, SD US","43.48944","-99.06289","512.4","1944",,,,,,"         9",,,,,,,,"102.0",,,,,,,,,,,,,,,,"522.0",,,
"USC00390043","ACADEMY 2 NE, SD US","43.48944","-99.06289","512.4","1945","393.6","393.6","        70","        51","       11","         9","        17","       169","        40","       152","        41","-27.2","152","152.0","37.3","40.6","-0.6","-3.3","-8.3","-8.3","-16.1","-0.6","-3.9","-4.4","-10.6","-10.6",,,"433.5","456.0","8.8","16.2","1.5"
"USC00390043","ACADEMY 2 NE, SD US","43.48944","-99.06289","512.4","1946",,,"        65","        50","       14","         5",,,,,,,"102","102.0","57.2",,,,,,,,,,,,"3714.3","3714.3","740.1","331.0",,,
"USC00390043","ACADEMY 2 NE, SD US","43.48944","-99.06289","512.4","1947",,,"        58","        47",,,,,,,,,,,"32.3",,,,,,,,,,,,,,"508.3",,,,
"USC00390043","ACADEMY 2 NE, SD US","43.48944","-99.06289","512.4","1948",,,"        64","        45","       31","        11",,,,,,,"127","127.0","31.0",,,,,,,,,,,,,,"468.7","455.0",,,
"USC00390043","ACADEMY 2 NE, SD US","43.48944","-99.06289","512.4","1949","501.1","501.1","        62","        48",,"         7","        37","       149","        54","       155","        42","-30.6",,"203.0","41.9","40.6","-3.3","-3.3","-5.0","-8.9","-8.9","0.0","-2.8","-5.6","-11.1","-11.1",,,"602.4","456.0","8.8","16.2","1.4"
"USC00390043","ACADEMY 2 NE, SD US","43.48944","-99.06289","512.4","1950",,,"        55","        41",,"        15",,,,,,,,"178.0","141.0",,,,,,,,,,,,,,"643.3","824.0",,,
"USC00390043","ACADEMY 2 NE, SD US","43.48944","-99.06289","512.4","1951",,,"        84","        70","       39","        18",,,,,,,"330","114.0","47.0",,,,,,,,,,,,,,"723.9","1005.0",,,
"USC00390043","ACADEMY 2 NE, SD US","43.48944","-99.06289","512.4","1952",,,"        53","        44",,"        12",,,,,,,,"102.0","29.2",,,,,,,,,,,,,,"379.7","725.0",,,
"USC00390043","ACADEMY 2 NE, SD US","43.48944","-99.06289","512.4","1953","525.6","525.6",,,,,"        10","       160","        30","       160","        38","-28.3",,,,"38.3","-2.8","-2.8","-5.0","-7.8","-11.1","0.0","-5.0","-5.0","-7.2","-8.9","3662.8","3662.8",,,"9.9","16.8","2.9"
"USC00390043","ACADEMY 2 NE, SD US","43.48944","-99.06289","512.4","1954","430.1","430.1","        64","        38","       65","         7","        16","       155","        33","       148","        27","-30.0","178","178.0","74.7","42.8","-1.1","-2.2","-5.0","-7.2","-13.9","-1.1","-4.4","-4.4","-7.2","-11.1","3419.7","3419.7","561.2","796.0","9.5","16.5","2.6"
"USC00390043","ACADEMY 2 NE, SD US","43.48944","-99.06289","512.4","1955",,,"        53","        28","       64","        13",,,"        74","       172","        62",,"330","178.0","28.4","42.8",,,,,,,,,,,"3546.4","3546.4","311.1","894.0",,"16.4",
"USC00390043","ACADEMY 2 NE, SD US","43.48944","-99.06289","512.4","1956","517.8","517.8","        64","        34","       83","        13","        26","       164","        52","       159","        43","-28.9","406","406.0","40.6","40.6","0.0","-2.2","-8.3","-8.3","-9.4","0.0","-3.9","-4.4","-8.3","-13.9",,,"408.5","1270.0","8.9","16.0","1.8"
"USC00390043","ACADEMY 2 NE, SD US","43.48944","-99.06289","512.4","1957","435.5","435.5","        72","        55","       28","        11","        19","       161","        44","       136","        29","-27.2","279","203.0","38.6","38.3","0.0","-2.8","-7.8","-7.8","-8.9","-1.1","-4.4","-4.4","-6.7","-10.0","3833.6","3833.6","680.9","863.0","8.6","14.7","2.4"
"USC00390043","ACADEMY 2 NE, SD US","43.48944","-99.06289","512.4","1958","467.0","467.0","        62","        43","       42","        15","        23","       157","        59","       162","        46","-27.8","178","102.0","24.1","38.3","0.0","-2.2","-5.6","-8.3","-15.0","0.0","-5.6","-5.6","-11.7","-11.7","3782.0","3782.0","405.0","607.0","8.9","16.0","1.8"
"USC00390043","ACADEMY 2 NE, SD US","43.48944","-99.06289","512.4","1959","671.9","671.9","        68","        54","       45","        17","        26","       162","        53","       145","        63","-28.9","152","203.0","55.9","41.1","-2.2","-2.2","-4.4","-7.8","-11.1","-5.0","-5.0","-5.0","-7.2","-10.0","3882.1","3882.1","572.5","1141.0","9.0","15.9","2.0"
"USC00390043","ACADEMY 2 NE, SD US","43.48944","-99.06289","512.4","1960","520.1","520.1","        74","        51","      119","        15","        34","       160","        74","       151","        42","-29.4","279","203.0","63.0","40.6","-2.2","-2.2","-7.8","-7.8","-10.6","-3.9","-3.9","-5.0","-7.8","-11.1","4354.1","4354.1","555.5","1001.0","8.2","14.7","1.7"
"USC00390043","ACADEMY 2 NE, SD US","43.48944","-99.06289","512.4","1961","550.5","550.5","        62","        47","       71","        11","        22","       163","        47","       140","        55","-29.4","178","102.0","39.4","40.0","-0.6","-2.8","-5.0","-6.7","-10.0","-1.1","-3.3","-5.6","-11.1","-11.1","3740.5","3740.5","444.1","519.0","9.0","16.1","2.0"
"USC00390043","ACADEMY 2 NE, SD US","43.48944","-99.06289","512.4","1962",,,,,,,,,,,,,,,,,,,,,,,,,,,"4165.5","4165.5",,,,,
"USC00390043","ACADEMY 2 NE, SD US","43.48944","-99.06289","512.4","1963",,,,,,,,,,,,,,,,,,,,,,,,,,,,,,,,,
"USC00390043","ACADEMY 2 NE, SD US","43.48944","-99.06289","512.4","1964","598.9","598.9","        47","        35","       41","         5","        23","       160","        41","       164","        58","-28.9","254","254.0","61.7","43.9","-0.6","-7.2","-7.2","-7.2","-10.0","0.0","-3.3","-11.1","-11.1","-11.1","3512.0","3512.0","544.2","687.0","9.6","17.1","2.1"
"USC00390043","ACADEMY 2 NE, SD US","43.48944","-99.06289","512.4","1965","454.1","454.1","        68","        44",,"         8","        29","       158","        50","       153","        36","-27.2",,"114.0","80.8","42.8","0.0","-3.3","-4.4","-7.8","-8.9","-1.1","-2.8","-7.8","-7.8","-15.6","4076.5","4076.5","571.3","480.0","8.7","16.0","1.4"
"USC00390043","ACADEMY 2 NE, SD US","43.48944","-99.06289","512.4","1966","605.1","605.1","        55","        36","       58","        10","        31","       169","        59","       162","        53","-35.6","254","254.0","74.9","42.8","0.0","-2.2","-14.4","-14.4","-14.4","-3.9","-3.9","-5.6","-8.3","-9.4","4022.0","4022.0","488.1","745.0","8.7","16.3","1.1"
"USC00390043","ACADEMY 2 NE, SD US","43.48944","-99.06289","512.4","1967","448.1","448.1","        54","        41","       34","         9","        18","       168","        46","       157","        40","-30.6","178","76.0","39.9","40.6","0.0","-4.4","-4.4","-7.8","-12.2","-0.6","-6.1","-6.1","-7.2","-12.2","3750.9","3750.9","417.9","444.0","9.1","16.7","1.6"
"USC00390043","ACADEMY 2 NE, SD US","43.48944","-99.06289","512.4","1968","522.6","522.6","        65","        46","       49","        15","        23","       152","        54","       165","        53","-31.7","406","170.0","49.5","40.6","-3.3","-3.3","-6.7","-6.7","-15.0","-0.6","-2.2","-8.3","-8.3","-13.9","3789.2","3789.2","579.3","910.0","9.2","16.6","1.8"
"USC00390043","ACADEMY 2 NE, SD US","43.48944","-99.06289","512.4","1969","533.3","533.3","        65","        41","      106","        14","        26","       159","        67","       160","        43","-26.7","508","178.0","54.4","40.6","-1.7","-3.9","-5.6","-7.8","-10.6","-1.7","-3.3","-17.8","-17.8","-17.8","4136.5","4136.5","500.7","1063.0","8.5","15.3","1.6"
"USC00390043","ACADEMY 2 NE, SD US","43.48944","-99.06289","512.4","1970",,,"        59","        44","       72","        13","        32","       178",,,,"-33.9","203","229.0","41.9",,"-0.6","-2.2","-8.9","-8.9","-8.9","0.0","-6.7","-6.7","-6.7","-9.4","3846.8","3846.8","506.0","1397.0",,,"1.6"
"USC00390043","ACADEMY 2 NE, SD US","43.48944","-99.06289","512.4","1971","526.9","526.9","        62","        44","       81","        13","        25","       161","        62","       158","        49","-28.3","254","254.0","41.1","41.1","-0.6","-3.9","-5.6","-9.4","-9.4","0.0","-2.8","-6.1","-7.8","-8.9",,,"570.9","1067.0","8.9","16.0","1.8"
"USC00390043","ACADEMY 2 NE, SD US","43.48944","-99.06289","512.4","1972","444.7","444.7","        68","        49","       54","        13","        34","       172","        53","       152","        27","-30.0","254","279.0","41.9","36.7","0.0","-2.8","-6.7","-6.7","-10.0","-1.1","-2.8","-5.6","-7.8","-8.9","3952.2","3952.2","654.3","785.0","8.1","14.9","1.3"
"USC00390043","ACADEMY 2 NE, SD US","43.48944","-99.06289","512.4","1973","504.6","504.6","        66","        57","       61","        12","        16","       156","        39","       156","        47","-27.8","279","178.0","50.8","41.7","0.0","-2.2","-7.2","-7.2","-12.2","0.0","-2.2","-4.4","-9.4","-9.4","3816.8","3816.8","610.7","838.0","9.6","16.8","2.5"
"USC00390043","ACADEMY 2 NE, SD US","43.48944","-99.06289","512.4","1974","508.7","508.7","        60","        36","       23","         5","        17","       164","        33","       165","        53","-29.4","102","51.0","92.7","41.1","0.0","-5.0","-5.0","-6.7","-9.4","-0.6","-3.3","-6.7","-6.7","-17.2","3661.8","3661.8","416.3","302.0","9.9","18.1","1.8"
"USC00390043","ACADEMY 2 NE, SD US","43.48944","-99.06289","512.4","1975","614.8","614.8","        61","        43","       78","        18","        20","       160","        59","       170","        57","-27.8","254","229.0","36.8","40.6","0.0","-2.2","-4.4","-11.7","-11.7","-3.9","-3.9","-4.4","-17.8","-17.8","3889.3","3889.3","393.9","1275.0","9.1","16.4","1.7"
"USC00390043","ACADEMY 2 NE, SD US","43.48944","-99.06289","512.4","1976","628.4","628.4","        45","        29","       43","        11","        24","       161","        39","       168","        63","-30.0","254","152.0","28.2","44.4","-1.1","-7.8","-7.8","-7.8","-11.1","-3.3","-3.3","-5.0","-6.7","-11.1","3503.5","3503.5","292.2","998.0","10.0","18.2","1.8"
"USC00390043","ACADEMY 2 NE, SD US","43.48944","-99.06289","512.4","1977","469.8","469.8","        80","        57","       55","        13","        26","       149","        45","       172","        32","-30.0","356","216.0","64.0","38.9","0.0","-3.9","-6.7","-6.7","-10.0","-1.7","-5.0","-5.0","-7.2","-14.4","3749.3","3749.3","891.0","1099.0","9.5","16.5","2.5"
"USC00390043","ACADEMY 2 NE, SD US","43.48944","-99.06289","512.4","1978","496.6","496.6","        61","        39","       93","        14","        47","       166","        79","       167","        43","-30.6","432","178.0","61.5","40.0","-1.7","-5.0","-5.0","-7.8","-10.0","0.0","-4.4","-4.4","-9.4","-9.4","4347.9","4347.9","480.5","1052.0","7.6","14.9","0.3"
"USC00390043","ACADEMY 2 NE, SD US","43.48944","-99.06289","512.4","1979","457.0","457.0","        65","        43","       66","        12","        36","       178","        54","       160","        37","-30.6","406","203.0","48.8","41.1","-1.7","-6.7","-6.7","-6.7","-9.4","-1.1","-3.3","-8.3","-8.3","-10.0","4358.2","4358.2","568.8","1086.0","8.0","15.5","0.4"
"USC00390043","ACADEMY 2 NE, SD US","43.48944","-99.06289","512.4","1980","672.5","672.5","        47","        35",,,"        23","       161","        39","       170","        75","-28.9",,,"69.9","42.2","-1.1","-3.9","-7.8","-7.8","-8.9","-0.6","-5.6","-5.6","-8.3","-10.6","3558.7","3558.7","428.6",,"10.1","18.0","2.3"
"USC00390043","ACADEMY 2 NE, SD US","43.48944","-99.06289","512.4","1981","497.1","497.1","        62","        47","       46","         7","        15","       133","        34","       163","        42","-30.0","254","178.0","66.5","38.3","-0.6","-5.0","-5.0","-8.9","-8.9","0.0","-4.4","-4.4","-7.8","-10.6","3176.8","3176.8","548.2","571.0","10.6","18.2","3.1"
"USC00390043","ACADEMY 2 NE, SD US","43.48944","-99.06289","512.4","1982","442.6","442.6","        83","        63","       89","        16","        32","       167","        56","       151","        30","-31.7","432","229.0","61.7","37.8","0.0","-2.8","-5.0","-9.4","-9.4","0.0","-3.3","-6.1","-11.1","-11.1","4010.0","4010.0","898.2","1317.0","8.1","15.1","1.1"
"USC00390043","ACADEMY 2 NE, SD US","43.48944","-99.06289","512.4","1983","615.2","615.2","        75","        51","       62","        21","        21","       165","        53","       141","        62","-33.3","1016","254.0","44.2","40.0","-2.2","-2.2","-6.7","-6.7","-10.0","0.0","-2.2","-6.1","-7.2","-13.3","3674.4","3674.4","560.1","2056.0","8.9","15.8","2.1"
"USC00390043","ACADEMY 2 NE, SD US","43.48944","-99.06289","512.4","1984","513.5","513.5","        85","        60","       63","        15","        21","       170","        33","       141","        44","-27.8","889","254.0","45.2","39.4","0.0","-3.9","-5.0","-9.4","-9.4","0.0","-2.8","-4.4","-11.7","-11.7","4103.9","4103.9","713.9","1249.0","9.3","16.3","2.2"
"USC00390043","ACADEMY 2 NE, SD US","43.48944","-99.06289","512.4","1985","386.3","386.3","        79","        59","       79","        17","        38","       171","        68","       146","        42","-27.8","483","178.0","44.7","40.6","-1.1","-3.3","-7.2","-7.2","-8.9","-0.6","-3.9","-6.1","-7.2","-8.9","3798.4","3798.4","675.4","1539.0","7.7","15.3","0.1"
"USC00390043","ACADEMY 2 NE, SD US","43.48944","-99.06289","512.4","1986","372.4","372.4","        94","        63","       44","        11","        15","       154","        38","       143","        20","-25.6","152","152.0","43.4","37.8","-1.1","-6.7","-6.7","-6.7","-10.0","0.0","-2.8","-6.1","-8.3","-9.4","4027.8","4027.8","581.5","799.0","9.2","15.8","2.6"
"USC00390043","ACADEMY 2 NE, SD US","43.48944","-99.06289","512.4","1987","465.0","465.0","        84","        46","       45","        16","         7","       168","        37","       150","        43","-22.2","406","229.0","43.2","39.4","0.0","-2.2","-6.1","-7.8","-10.0","0.0","-3.3","-5.0","-11.7","-11.7","3615.6","3615.6","611.1","1353.0","9.7","16.5","3.0"
"USC00390043","ACADEMY 2 NE, SD US","43.48944","-99.06289","512.4","1988","582.8","582.8","        75","        44","       84","        17","        33","       175","        52","       148","        46","-35.6","584","203.0","72.4","43.3","-1.7","-2.8","-7.8","-7.8","-15.0","-2.2","-2.2","-8.9","-8.9","-8.9","4185.0","4185.0","607.0","1286.0","8.5","15.8","1.1"
"USC00390043","ACADEMY 2 NE, SD US","43.48944","-99.06289","512.4","1989","475.9","475.9","        92","        34","       75","        18","        40","       175","        59","       151","        43","-33.9","279","165.0","37.1","41.7","-4.4","-4.4","-4.4","-8.3","-9.4","-1.7","-2.8","-6.1","-7.2","-8.9","4184.5","4184.5","325.5","1116.0","7.4","14.8","0.0"
"USC00390043","ACADEMY 2 NE, SD US","43.48944","-99.06289","512.4","1990","438.9","438.9","        87","        42","       47","        15","        13","       180","        36","       143","        39","-34.4","152","102.0","36.3","39.4","-1.1","-3.3","-4.4","-10.6","-10.6","-0.6","-2.8","-7.8","-7.8","-9.4","4005.5","4005.5","562.9","755.0","8.9","16.3","1.5"
"USC00390043","ACADEMY 2 NE, SD US","43.48944","-99.06289","512.4","1991","559.1","559.1","        90","        46","       61","        10","        23","       175","        44","       153","        41","-24.4","279","241.0","40.9","42.8","-6.1","-6.1","-6.1","-9.4","-9.4","-0.6","-2.2","-7.8","-7.8","-8.9","3931.9","3931.9","502.9","879.0","9.0","16.0","1.9"
"USC00390043","ACADEMY 2 NE, SD US","43.48944","-99.06289","512.4","1992","161.8","161.8","        86","        34","       37","         7","         8","       183","        42","       136","        12","-22.8","76","51.0","42.4","38.3","-2.8","-2.8","-4.4","-8.3","-10.0","0.0","-2.2","-4.4","-8.9","-8.9","3839.6","3839.6","483.3","435.0","8.0","14.6","1.3"
"USC00390043","ACADEMY 2 NE, SD US","43.48944","-99.06289","512.4","1993","208.8","208.8","       114","        46","       68","        16","        25","       173","        67","       122","         8","-28.3","483","191.0","49.5","35.0","0.0","-4.4","-4.4","-7.2","-10.6","-1.7","-2.2","-5.6","-6.7","-15.0","4494.9","4494.9","629.6","1178.0","6.5","12.8","0.2"
"USC00390043","ACADEMY 2 NE, SD US","43.48944","-99.06289","512.4","1994","319.2","319.2","        89","        47","       83","        14","        30","       165","        65","       156","        16","-35.6","229","241.0","40.9","36.1","0.0","-5.6","-5.6","-7.2","-10.0","0.0","-2.8","-5.0","-7.2","-8.9","4401.9","4401.9","561.2","1263.0","7.7","14.6","0.8"
"USC00390043","ACADEMY 2 NE, SD US","43.48944","-99.06289","512.4","1995","430.7","430.7","       105","        58","       83","        20","        17","       178","        69","       124","        33","-25.6","483","292.0","77.5","40.6","-4.4","-4.4","-4.4","-9.4","-9.4","0.0","-2.8","-7.2","-7.2","-11.7","4132.2","4132.2","814.0","2342.0","7.5","13.8","1.3"
"USC00390043","ACADEMY 2 NE, SD US","43.48944","-99.06289","512.4","1996","333.6","333.6","       100","        51","       96","        17","        45","       187","        82","       128","        19","-33.3","406","229.0","73.4","37.2","-1.1","-2.2","-6.7","-6.7","-10.6","-0.6","-2.8","-7.2","-7.2","-8.9","4566.7","4566.7","702.7","1736.0","6.1","12.4","-0.2"
"USC00390043","ACADEMY 2 NE, SD US","43.48944","-99.06289","512.4","1997","394.6","394.6","        85","        40","       80","        14","        20","       173","        60","       142","        21","-27.8","381","267.0","52.3","37.8","-2.8","-2.8","-5.6","-8.9","-8.9","0.0","-3.9","-6.7","-6.7","-10.6","4597.2","4597.2","529.7","1062.0","8.0","14.4","1.6"
"USC00390043","ACADEMY 2 NE, SD US","43.48944","-99.06289","512.4","1998","447.1","447.1","       110","        55",,"        16","        16","       146","        48","       148","        24","-29.4",,"229.0","90.9","39.4","0.0","-5.6","-5.6","-6.7","-16.7","-0.6","-2.8","-6.1","-7.2","-12.2","3899.8","3899.8","816.0","1186.0","9.2","15.4","2.9"
"USC00390043","ACADEMY 2 NE, SD US","43.48944","-99.06289","512.4","1999","369.2","369.2","        95","        46","       45","         7","        13","       160","        34","       146","        20","-27.8","203","191.0","67.6","37.8","-4.4","-4.4","-4.4","-7.8","-10.0","-1.1","-3.3","-4.4","-6.7","-10.0","3619.0","3619.0","724.0","685.0","9.4","16.2","2.6"
"USC00390043","ACADEMY 2 NE, SD US","43.48944","-99.06289","512.4","2000","490.2","490.2","        98","        43","       64","        11","        22","       160","        66","       154","        49","-28.3","457","229.0","34.5","41.7","-0.6","-4.4","-4.4","-6.7","-12.8","-0.6","-2.2","-5.0","-6.7","-8.9","3482.2","3482.2","389.8","1004.0","8.5","15.9","1.1"
"USC00390043","ACADEMY 2 NE, SD US","43.48944","-99.06289","512.4","2001","480.7","480.7","        86","        43","      113","        14","        17","       151","        60","       152","        36","-27.2","762","470.0","59.4","39.4","-3.3","-3.3","-4.4","-7.2","-9.4","-1.7","-6.7","-6.7","-6.7","-11.1","4506.5","4506.5","640.7","1828.0","8.6","15.1","2.1"
"USC00390043","ACADEMY 2 NE, SD US","43.48944","-99.06289","512.4","2002","645.8","645.8","        83","        40","       39","        11","        13","       186","        53","       139","        54","-23.3","254","191.0","36.3","45.6","-0.6","-2.8","-7.2","-7.2","-10.6","-0.6","-2.2","-6.1","-7.8","-10.0","3861.7","3861.7","389.1","870.0","8.8","15.9","1.6"
"USC00390043","ACADEMY 2 NE, SD US","43.48944","-99.06289","512.4","2003",,,,,,,,,,,,,,,,,,,,,,,,,,,,,,,,,
"USC00390043","ACADEMY 2 NE, SD US","43.48944","-99.06289","512.4","2004","364.8","364.8","        94","        42","       33","        11","        23","       165","        41","       143","        30","-25.0","203","183.0","78.2","39.4","-2.2","-2.2","-5.0","-9.4","-9.4","-2.2","-2.2","-6.1","-8.9","-8.9","3906.7","3906.7","621.4","713.0","8.7","15.8","1.5"
"USC00390043","ACADEMY 2 NE, SD US","43.48944","-99.06289","512.4","2005","585.5","585.5","        85","        43","       62","        13","        25","       172","        51","       153","        49","-27.2","584","254.0","48.8","45.0","-5.0","-5.0","-5.0","-7.2","-11.7","0.0","-3.9","-6.7","-6.7","-15.0","3804.9","3804.9","664.2","1315.0","9.3","16.3","2.3"
"USC00390043","ACADEMY 2 NE, SD US","43.48944","-99.06289","512.4","2006","556.4","556.4","        72","        39","       44","        15","         7","       171","        30","       146","        52","-26.7","406","318.0","49.8","45.0","0.0","-4.4","-4.4","-7.2","-10.6","0.0","-3.3","-4.4","-12.2","-12.2","3555.2","3555.2","534.8","1201.0","9.8","17.0","2.6"
"USC00390043","ACADEMY 2 NE, SD US","43.48944","-99.06289","512.4","2007","496.2","496.2","        92","        48","       84","        14","        20","       149","        64","       155","        30","-29.4","457","165.0","71.1","40.6","-1.7","-2.2","-6.7","-6.7","-11.1","-2.8","-2.8","-6.7","-6.7","-9.4","3924.4","3924.4","785.0","1102.0","8.9","15.4","2.4"
"USC00390043","ACADEMY 2 NE, SD US","43.48944","-99.06289","512.4","2008","343.7","343.7","       101","        50","       80","        21","        37","       181","        60","       140","        21","-27.8","203","191.0","54.9","36.1","-1.1","-3.9","-5.0","-7.2","-9.4","-1.1","-2.2","-4.4","-7.2","-10.6","4190.7","4190.7","659.1","1394.0","7.1","13.8","0.5"
"USC00390043","ACADEMY 2 NE, SD US","43.48944","-99.06289","512.4","2010",,,"        95","        46",,"        15",,,,,,,,"76.0","38.1",,,,,,,,,,,,,,"630.7","639.0",,,
"USC00390043","ACADEMY 2 NE, SD US","43.48944","-99.06289","512.4","2011","433.5","433.5","        80","        44",,,"        30","       162","        61","       136","        24","-28.9",,,"139.7","38.9","-1.7","-6.1","-6.1","-6.7","-8.9","-1.1","-2.8","-6.1","-7.8","-16.7",,,"671.2",,"7.8","14.3","1.3"
"USC00390043","ACADEMY 2 NE, SD US","43.48944","-99.06289","512.4","2012","631.9","631.9","        65","        35",,"        12","        14","       149","        41","       160","        59","-24.4",,"127.0","31.5","45.0","-0.6","-5.6","-5.6","-6.7","-10.0","-3.9","-3.9","-5.6","-8.9","-8.9","3393.5","3393.5","392.5","648.0","10.3","18.0","2.6"
"USC00390043","ACADEMY 2 NE, SD US","43.48944","-99.06289","512.4","2013","398.5","398.5","        84","        47",,"        17","        24","       192","        70","       142","        23","-28.3",,"152.0","41.4","37.8","0.0","-2.8","-6.1","-7.2","-13.9","-0.6","-3.9","-11.7","-11.7","-11.7","4328.6","4328.6","665.0","1220.0","7.1","13.5","0.7"
"USC00390043","ACADEMY 2 NE, SD US","43.48944","-99.06289","512.4","2014","322.2","322.2","        81","        36","       61","        16","        38","       171","        68","       146","        18","-28.3","152","152.0","42.9","43.9","-0.6","-2.2","-4.4","-7.2","-10.6","-0.6","-2.2","-5.6","-8.3","-10.6","4483.3","4483.3","431.4","848.0","7.0","14.3","-0.3"
"USC00390043","ACADEMY 2 NE, SD US","43.48944","-99.06289","512.4","2015","429.6","429.6","        95","        45","       63","        15","        31","       160","        52","       158","        30","-27.2","254","203.0","62.0","37.2","-2.2","-2.2","-6.7","-6.7","-15.6","-1.7","-3.9","-4.4","-6.7","-10.6","4054.0","4054.0","666.3","918.0","9.2","16.1","2.3"
"USC00390043","ACADEMY 2 NE, SD US","43.48944","-99.06289","512.4","2016","538.4","538.4","        79","        40","       63","        11","        12","       135","        45","       163","        34","-32.2","203","152.0","69.6","40.6","-0.6","-9.4","-9.4","-9.4","-9.4","-0.6","-2.8","-5.6","-7.8","-11.7","3508.3","3508.3","647.6","616.0","10.1","16.4","3.9"
"USC00390043","ACADEMY 2 NE, SD US","43.48944","-99.06289","512.4","2017","476.4","476.4","        78","        37","       42","        11","        14","       148","        47","       149","        30","-30.6","203","203.0","92.7","42.2","-4.4","-4.4","-4.4","-9.4","-9.4","-1.1","-4.4","-4.4","-8.3","-13.3","3609.8","3609.8","461.0","623.0","9.4","15.9","2.8"
"USC00390043","ACADEMY 2 NE, SD US","43.48944","-99.06289","512.4","2018","520.7","520.7","       100","        55","       92","        24","        24","       178","        63","       135","        27","-34.4","254","254.0","84.1","38.3","-1.7","-2.8","-6.1","-6.7","-9.4","-1.7","-3.9","-6.1","-11.7","-11.7","4219.7","4219.7","599.2","1576.0","7.7","13.4","2.0"
"USC00390043","ACADEMY 2 NE, SD US","43.48944","-99.06289","512.4","2019","423.0","423.0","       123","        62","      114","        25","        26","       169","        83","       128","        12","-27.8","483","203.0","85.1","36.7","-2.8","-2.8","-4.4","-7.2","-9.4","0.0","-5.6","-5.6","-10.0","-10.0","4558.3","4558.3","1022.0","1626.0","7.0","12.3","1.8"
"USC00390043","ACADEMY 2 NE, SD US","43.48944","-99.06289","512.4","2020",,,,,,,,,,,,,,,,,,,,,,,,,,,"3973.0","3973.0",,,,,
